,Title,Published,Channel,Description,Tags,Captions,Duration,Default Language
0,"Sunday Scrum | TrumpвАЩs new tariff threat, another MP crosses the aisle",2026-02-22T18:36:54Z,CBC News,"Chief political correspondent Rosemary Barton speaks with this week's Sunday Scrum, featuring Globe and Mail reporter Ian Bailey, Economist writer and former CBC parliamentary bureau chief Rob Russo and CHEK News correspondent Rob Shaw, about the U.S. Supreme Court's decision to knock down some of President Donald TrumpвАЩs tariffs, as well as MP Matt Jeneroux joining the Liberal caucus.

Chapters:
00:00 Sunday Scrum
01:29 Trump's tariff threat
07:40 MP Jeneroux crosses the aisle

For breaking news, video, audio and in-depth coverage: https://www.cbc.ca/news
Follow CBC News on TikTok: https://www.tiktok.com/@cbcnews
Subscribe to CBC News on Snapchat: https://bit.ly/3leaWsr
Subscribe to CBC News on WhatsApp: https://www.whatsapp.com/channel/0029Vb6MSjH9Bb63S9tbQa1Y

Download the CBC News app for iOS: http://apple.co/25mpsUz
Download the CBC News app for Android: http://bit.ly/1XxuozZ

¬ї¬ї¬ї¬ї¬ї¬ї¬ї¬ї¬ї¬ї¬ї¬ї¬ї¬ї¬ї¬ї¬ї¬ї
For more than 80 years, CBC News has been the source Canadians turn to, to keep them informed about their communities, their country and their world. Through regional and national programming on multiple platforms, including CBC Television, CBC News Network, CBC Radio, CBCNews.ca, mobile and on-demand, CBC News and its internationally recognized team of award-winning journalists deliver the breaking stories, the issues, the analyses and the personalities that matter to Canadians.","['CBC News', 'CBC', 'News', 'breaking news', 'Canada', 'Sunday Scrum', 'Rosemary Barton', 'U.S.', 'United States', 'Donald Trump', 'trade war', 'CUSMA', 'tariffs', 'floor-crossing']",false,0 days 00:12:03,en
1,Trump now says he's raising global tariff rate to 15%,2026-02-21T22:08:22Z,CBC News,"After imposing a global tariff of 10 per cent following a stinging loss at the U.S. Supreme Court, President Donald Trump now says he's raising that rate an additional five per cent вАФ though exemptions for CUSMA-compliant goods from Canada and Mexico still apply.


¬ї¬ї¬ї Subscribe to CBC News to watch more videos: http://bit.ly/1RreYWS

For breaking news, video, audio and in-depth coverage: https://www.cbc.ca/news
Follow CBC News on TikTok: https://www.tiktok.com/@cbcnews
Subscribe to CBC News on Snapchat: https://bit.ly/3leaWsr
Subscribe to CBC News on WhatsApp: https://www.whatsapp.com/channel/0029Vb6MSjH9Bb63S9tbQa1Y

Download the CBC News app for iOS: http://apple.co/25mpsUz
Download the CBC News app for Android: http://bit.ly/1XxuozZ

¬ї¬ї¬ї¬ї¬ї¬ї¬ї¬ї¬ї¬ї¬ї¬ї¬ї¬ї¬ї¬ї¬ї¬ї
For more than 80 years, CBC News has been the source Canadians turn to, to keep them informed about their communities, their country and their world. Through regional and national programming on multiple platforms, including CBC Television, CBC News Network, CBC Radio, CBCNews.ca, mobile and on-demand, CBC News and its internationally recognized team of award-winning journalists deliver the breaking stories, the issues, the analyses and the personalities that matter to Canadians.","['CBC News', 'CBC', 'News', 'breaking news']",false,0 days 00:00:46,en
2,Trump says he's raising new global tariff rate to 15% following Supreme Court loss,2026-02-21T21:20:51Z,CBC News,"U.S. President Donald Trump said on social media he is raising the global tariff from 10 per cent to 15 per cent, though these temporary tariffs can only be imposed for 150 days unless Congress approves an extension. The move follows an executive order he signed Friday imposing a 10 per cent tariff on imports from all countries after the U.S. Supreme Court struck down tariffs he introduced last year.

¬ї¬ї¬ї Subscribe to CBC News to watch more videos: http://bit.ly/1RreYWS

For breaking news, video, audio and in-depth coverage: https://www.cbc.ca/news
Follow CBC News on TikTok: https://www.tiktok.com/@cbcnews
Subscribe to CBC News on Snapchat: https://bit.ly/3leaWsr
Subscribe to CBC News on WhatsApp: https://www.whatsapp.com/channel/0029Vb6MSjH9Bb63S9tbQa1Y

Download the CBC News app for iOS: http://apple.co/25mpsUz
Download the CBC News app for Android: http://bit.ly/1XxuozZ

¬ї¬ї¬ї¬ї¬ї¬ї¬ї¬ї¬ї¬ї¬ї¬ї¬ї¬ї¬ї¬ї¬ї¬ї
For more than 80 years, CBC News has been the source Canadians turn to, to keep them informed about their communities, their country and their world. Through regional and national programming on multiple platforms, including CBC Television, CBC News Network, CBC Radio, CBCNews.ca, mobile and on-demand, CBC News and its internationally recognized team of award-winning journalists deliver the breaking stories, the issues, the analyses and the personalities that matter to Canadians.","['CBC News', 'CBC', 'News', 'breaking news', 'Trump', 'tariffs', 'trade war', 'United States', 'Canada', 'U.S.', 'Supreme Court', 'SCOTUS', 'The White House', 'Donald Trump', 'Trump administration', 'CUSMA']",false,0 days 00:02:25,en
3,Transport Canada certifies Gulfstream jets amid Trump aviation tariff threat,2026-02-21T17:42:56Z,CBC News,"Transport Canada has certified the American-made Gulfstream G500 and G600 business jets, according to a document posted on the federal governmentвАЩs website. These jets were at the centre of U.S. President Donald TrumpвАЩs aviation dispute last month, accusing Canada of 'illegally' refusing to certify several Gulfstream models. Trump threatened to impose a 50 per cent tariff on Canadian aircraft, including Bombardier jets, and said his administration would 'decertify' them. He has not followed through on his threat.

For breaking news, video, audio and in-depth coverage: https://www.cbc.ca/news
Follow CBC News on TikTok: https://www.tiktok.com/@cbcnews
Subscribe to CBC News on Snapchat: https://bit.ly/3leaWsr
Subscribe to CBC News on WhatsApp: https://www.whatsapp.com/channel/0029Vb6MSjH9Bb63S9tbQa1Y

Download the CBC News app for iOS: http://apple.co/25mpsUz
Download the CBC News app for Android: http://bit.ly/1XxuozZ

¬ї¬ї¬ї¬ї¬ї¬ї¬ї¬ї¬ї¬ї¬ї¬ї¬ї¬ї¬ї¬ї¬ї¬ї
For more than 80 years, CBC News has been the source Canadians turn to, to keep them informed about their communities, their country and their world. Through regional and national programming on multiple platforms, including CBC Television, CBC News Network, CBC Radio, CBCNews.ca, mobile and on-demand, CBC News and its internationally recognized team of award-winning journalists deliver the breaking stories, the issues, the analyses and the personalities that matter to Canadians.","['CBC News', 'CBC', 'News', 'breaking news', 'Trump', 'tariffs', 'trade war', 'United States', 'Canada', 'U.S.', 'The White House', 'Donald Trump', 'Trump administration', 'Gulfstream', 'Transport Canada', 'Bombardier']",false,0 days 00:02:06,en
4,What do TrumpвАЩs new 10% tariffs mean for Canada?,2026-02-21T02:38:53Z,CBC News,"U.S. President Donald Trump imposed a new 10 per cent global tariff on Friday, though Canadian exports to the U.S. that comply with the CUSMA trade deal will be exempt.

¬ї¬ї¬ї Subscribe to CBC News to watch more videos: http://bit.ly/1RreYWS

For breaking news, video, audio and in-depth coverage: https://www.cbc.ca/news
Follow CBC News on TikTok: https://www.tiktok.com/@cbcnews
Subscribe to CBC News on Snapchat: https://bit.ly/3leaWsr
Subscribe to CBC News on WhatsApp: https://www.whatsapp.com/channel/0029Vb6MSjH9Bb63S9tbQa1Y

Download the CBC News app for iOS: http://apple.co/25mpsUz
Download the CBC News app for Android: http://bit.ly/1XxuozZ

¬ї¬ї¬ї¬ї¬ї¬ї¬ї¬ї¬ї¬ї¬ї¬ї¬ї¬ї¬ї¬ї¬ї¬ї
For more than 80 years, CBC News has been the source Canadians turn to, to keep them informed about their communities, their country and their world. Through regional and national programming on multiple platforms, including CBC Television, CBC News Network, CBC Radio, CBCNews.ca, mobile and on-demand, CBC News and its internationally recognized team of award-winning journalists deliver the breaking stories, the issues, the analyses and the personalities that matter to Canadians.","['CBC News', 'CBC', 'News', 'breaking news']",false,0 days 00:01:30,en
5,Mar-a-lago shooting update: Trump not at Palm Beach residence at time of Secret Service shooting,2026-02-22T17:29:19Z,USA TODAY,"U.S. Secret Service agents and local police shot and killed an armed man who allegedly breached a secure perimeter at Mar-a-Lago and raised a gun at law enforcement officials in the early hours of Sunday, Feb. 22.

A security detail detected the man near the north gate of President Donald Trump's Mar-a-Lago resort in Palm Beach, Florida, at about 1:30 a.m. local time. Authorities said he was carrying a shotgun and a fuel can. The president was in Washington during the incident and not at his property in Palm Beach, Florida.

Read more: https://www.usatoday.com/story/news/politics/2026/02/22/man-shot-killed-mar-a-lago/88811000007/

Sign up for our newsletter for the day's top stories, from sports to movies to politics to world events: https://profile.usatoday.com/newsletters/daily-briefing/","['usa today', 'usa today news']",false,0 days 00:05:03,en-US
6,Trump moves to raise global tariffs after Supreme Court ruling,2026-02-21T18:14:50Z,USA TODAY,President Donald Trump says he will raise global tariffs to 15% shortly after implementing a reworked 10% levy amid a landmark SCOTUS decision against the tariffs.,No Tags,false,0 days 00:00:42,en
7,WhatвАЩs next after SCOTUS overturned President Trump's tariffs,2026-02-20T22:23:58Z,USA TODAY,The big question after the Supreme Court's decision on tariffs is refunds. Companies have filed thousands of lawsuits asking to have their money returned.,No Tags,false,0 days 00:01:10,en
8,President lashes out at Supreme Court justices after ruling,2026-02-20T22:06:39Z,USA TODAY,President Trump said some Supreme Court justices are 'barely' invited to the State of the Union address after the tariff ruling.,No Tags,false,0 days 00:00:34,en
9,NYSE after Supreme Court rules against President Trump's tariffs,2026-02-20T21:12:59Z,USA TODAY,"The Supreme Court dealt a major blow to President Donald Trump's economic agenda, ruling that he does not have the authority to impose sweeping tariffs at the stroke of a pen.

The court on Feb. 20 tossed the tariffs that are the centerpiece of his economic policy and a major foreign policy tool вАУ but that have also raised costs for consumers and businesses. It is the first major ruling against Trump's controversial expansive view of presidential power.","['usa today', 'usa today news']",false,0 days 05:08:41,en-US
10,Trump denounces Supreme Court justices after tariff decision,2026-02-20T20:20:31Z,Washington Post,"President Donald Trump on Feb. 20 denounced Supreme Court justices who ruled against him as a вАЬdisgraceвАЭ and announced wide-ranging new tariffs hours after the high court struck down most of his existing import taxes. In a 6-3 decision, the justices had ruled the president did not have the authority under a 1977 emergency economic powers law to impose import levies on goods from nearly all of the nationвАЩs trading partners. 

In response, Trump used a different law to impose a 10 percent across-the-board tariff. Read more: https://wapo.st/4b1GSfC. Subscribe to The Washington Post on YouTube: https://wapo.st/2QOdcqK
Follow us:
X: https://x.com/washingtonpost
Instagram: https://www.instagram.com/washingtonpost/
Facebook: https://www.facebook.com/washingtonpost/
Threads: https://www.threads.com/@washingtonpost
Bluesky: https://bsky.app/profile/washingtonpost.com","['News', 'The Washington Post', 'WaPo Video', 'Washington Post Video', 'Washington Post YouTube', 'a:national', 'donald trump', 'donald trump tariff news', 'import taxes', 's:National', 'scotus tariff ruling', 'supreme court', 'supreme court ruling', 'supreme court tariff ruling', 't:Vertical', 'tariff penalties', 'tariffs', 'trump', 'trump scotus']",true,0 days 00:01:36,en
11,LIVE: Trump reacts to Supreme CourtвАЩs tariff decision,2026-02-20T19:14:22Z,Washington Post,"President Donald Trump speaks from the White House on Feb. 20, after the Supreme Court rejected most of his tariffs, dealing him a stinging political setback.",No Tags,false,0 days 01:29:25,en
12,"New York leaders rehang Stonewall Pride flag, defying Trump administration",2026-02-13T15:28:59Z,Washington Post,"New York City leaders rehung the Pride flag in front of the Stonewall National Monument on Feb. 12, a rebuke of the Trump administrationвАЩs efforts to take down the symbol of the LGBTQ+ rights movement from federal property.

The Trump administration had previously removed the Pride flag and replaced it with the American flag, outraging many New Yorkers. The National Park Service said the Pride flag was taken down to comply with an Interior Department order limiting what types of flags and logos can be displayed on federal property.",No Tags,false,0 days 00:00:26,en
13,Trump goes after Democrats at National Prayer Breakfast,2026-02-05T21:00:06Z,Washington Post,"At a gathering intended to let U.S. lawmakers gather to pray for the country together on Feb. 5, President Donald Trump took several partisan digs at Democrats, including questioning вАЬhow a person of faith can vote for a Democrat.вАЭ Subscribe to The Washington Post on YouTube: https://wapo.st/2QOdcqK
Follow us:
X: https://x.com/washingtonpost
Instagram: https://www.instagram.com/washingtonpost/
Facebook: https://www.facebook.com/washingtonpost/
Threads: https://www.threads.com/@washingtonpost
Bluesky: https://bsky.app/profile/washingtonpost.com","['News', 'The Washington Post', 'WaPo Video', 'Washington Post Video', 'Washington Post YouTube', 'a:politics', 'breakfast', 'democrats', 'dems', 'national cathedral', 's:Politics', 't:Vertical', 'trump']",true,0 days 00:01:44,en
14,Trump officials keep backtracking on immigration goals,2026-02-03T18:16:27Z,Washington Post,"The Trump administration in recent weeks has shifted its immigration enforcement rhetoric and tactics following the deaths of two U.S. citizens in Minnesota. #ice #dhs #immigration #borderpatrol #donaldtrump #kristinoem #tomhoman #stephenmiller #jdvance #whitehouse #politics #minnesota #minneapolis #deport #arrest Read more: https://wapo.st/3MaSsLR. Subscribe to The Washington Post on YouTube: https://wapo.st/2QOdcqK
Follow us:
X: https://x.com/washingtonpost
Instagram: https://www.instagram.com/washingtonpost/
Facebook: https://www.facebook.com/washingtonpost/
Threads: https://www.threads.com/@washingtonpost
Bluesky: https://bsky.app/profile/washingtonpost.com","['News', 'The Washington Post', 'WaPo Video', 'Washington Post Video', 'Washington Post YouTube', 'a:politics', 'arrest', 'asylum', 'border', 'border patrol', 'cbp', 'citizen', 'deport', 'detain', 'dhs', 'donald trump', 'homeland security', 'ice', 'immigrant', 'immigration', 'immunity', 'jd vance', 'kristi noem', 'migrant', 'minneapolis', 'minnesota', 'non-criminal', 'politics', 'quota', 's:Politics', 'stephen miller', 't:Vertical', 'tom homan', 'trump administration', 'white house']",true,0 days 00:01:16,en
15,Special Report: Armed man shot and killed at Mar-a-Lago,2026-02-22T15:48:30Z,NBC News,Secret Service and a Palm Beach County Sheriff's Office deputy shot and killed a man after he entered the secured perimeter of President Donald TrumpвАЩs Mar-a-Lago estate. Authorities said that the man was holding a shotgun and a gas can when he was confronted.¬†,['NBC News NOW'],true,0 days 00:21:19,en
16,Top Story with Tom Llamas - Feb. 20  | NBC News NOW,2026-02-21T02:10:45Z,NBC News,"President Trump clashes with the Supreme Court after it ruled against him on tariffs, millions of Americans are bracing for a dangerous winter storm and investigators are examining new security camera videos from the neighbors of Nancy Guthrie in her case.¬†

For more context and news coverage of the most important stories of our day, click here: https://www.nbcnews.com

¬ї Subscribe to NBC News: http://nbcnews.to/SubscribeToNBC
¬ї Subscribe to Here's the Scoop podcast: https://www.nbcnews.com/heres-the-scoop-daily-podcast

Every day, NBC News helps people understand whatвАЩs happening and why it matters вАФ through fact-based reporting, meaningful conversations, and powerful stories. From its leading news broadcasts вАФ TODAY, NBC Nightly News, Meet the Press, and Dateline вАФ to NBC News NOW, the 24/7 streaming news channel, plus chart-topping podcasts, the NBC News app, and NBCNews.com, NBC News keeps audiences informed and connected to the stories shaping our world.

Connect with NBC News Online!
NBC News App: https://apps.nbcnews.com/mobile
Breaking News Alerts: https://link.nbcnews.com/join/5cj/breaking-news-signup?cid=sm_npd_nn_yt_bn-clip_190621
Visit NBCNews.Com: http://nbcnews.to/ReadNBC
Find NBC News on Facebook: http://nbcnews.to/LikeNBC
Follow NBC News on Twitter: http://nbcnews.to/FollowNBC
Follow NBC News on Instagram: http://nbcnews.to/InstaNBC

#news #politics #supremecourt",['NBC News NOW'],true,0 days 00:37:05,en
17,Hallie Jackson NOW - Feb. 20 | NBC News NOW,2026-02-21T02:05:59Z,NBC News,"President Trump responds after Supreme Court strikes down most of his tariffs, strong weather system could bring heavy snow and high winds to the East Coast and British police expect to continue to search former Prince Andrew's home.

For more context and news coverage of the most important stories of our day, click here: https://www.nbcnews.com

¬ї Subscribe to NBC News: http://nbcnews.to/SubscribeToNBC
¬ї Subscribe to Here's the Scoop podcast: https://www.nbcnews.com/heres-the-scoop-daily-podcast

Every day, NBC News helps people understand whatвАЩs happening and why it matters вАФ through fact-based reporting, meaningful conversations, and powerful stories. From its leading news broadcasts вАФ TODAY, NBC Nightly News, Meet the Press, and Dateline вАФ to NBC News NOW, the 24/7 streaming news channel, plus chart-topping podcasts, the NBC News app, and NBCNews.com, NBC News keeps audiences informed and connected to the stories shaping our world.

Connect with NBC News Online!
NBC News App: https://apps.nbcnews.com/mobile
Breaking News Alerts: https://link.nbcnews.com/join/5cj/breaking-news-signup?cid=sm_npd_nn_yt_bn-clip_190621
Visit NBCNews.Com: http://nbcnews.to/ReadNBC
Find NBC News on Facebook: http://nbcnews.to/LikeNBC
Follow NBC News on Twitter: http://nbcnews.to/FollowNBC
Follow NBC News on Instagram: http://nbcnews.to/InstaNBC

#BreakingNews #CurrentEvents #news","['NBC News NOW', 'Hallie Jackson NOW']",true,0 days 01:39:37,en
18,Trump orders release of government information on aliens and UFOs,2026-02-21T00:57:50Z,NBC News,"After former President Obama lit up the internet speculating that aliens probably exist, tonight, President Trump says heвАЩs ordering the release of all government information on aliens and UFOs. NBC NewsвАЩ Tom Costello has the latest.¬†

For more context and news coverage of the most important stories of our day, click here: https://www.nbcnews.com

¬ї Subscribe to NBC News: http://nbcnews.to/SubscribeToNBC
¬ї Subscribe to Here's the Scoop podcast: https://www.nbcnews.com/heres-the-scoop-daily-podcast

Every day, NBC News helps people understand whatвАЩs happening and why it matters вАФ through fact-based reporting, meaningful conversations, and powerful stories. From its leading news broadcasts вАФ TODAY, NBC Nightly News, Meet the Press, and Dateline вАФ to NBC News NOW, the 24/7 streaming news channel, plus chart-topping podcasts, the NBC News app, and NBCNews.com, NBC News keeps audiences informed and connected to the stories shaping our world.

Connect with NBC News Online!
NBC News App: https://apps.nbcnews.com/mobile
Breaking News Alerts: https://link.nbcnews.com/join/5cj/breaking-news-signup?cid=sm_npd_nn_yt_bn-clip_190621
Visit NBCNews.Com: http://nbcnews.to/ReadNBC
Find NBC News on Facebook: http://nbcnews.to/LikeNBC
Follow NBC News on Twitter: http://nbcnews.to/FollowNBC
Follow NBC News on Instagram: http://nbcnews.to/InstaNBC

#Trump #UFO #Aliens","['Health', 'International News', 'Making A Difference', 'NBC Nightly News', 'National News', 'News', 'Nightly News', 'Tom Llamas', 'U.S. News', 'breaking news', 'evening news', 'politics', 'world news']",true,0 days 00:01:53,en
19,Trump vows 10% global tariff after Supreme Court ruling,2026-02-21T00:41:32Z,NBC News,"The Supreme Court ruled Friday that President Trump exceeded his authority when he enacted sweeping tariffs on nearly every U.S. trading partner. NBC NewsвАЩ Laura Jarrett and Christine Romans report.

For more context and news coverage of the most important stories of our day, click here: https://www.nbcnews.com

¬ї Subscribe to NBC News: http://nbcnews.to/SubscribeToNBC
¬ї Subscribe to Here's the Scoop podcast: https://www.nbcnews.com/heres-the-scoop-daily-podcast

Every day, NBC News helps people understand whatвАЩs happening and why it matters вАФ through fact-based reporting, meaningful conversations, and powerful stories. From its leading news broadcasts вАФ TODAY, NBC Nightly News, Meet the Press, and Dateline вАФ to NBC News NOW, the 24/7 streaming news channel, plus chart-topping podcasts, the NBC News app, and NBCNews.com, NBC News keeps audiences informed and connected to the stories shaping our world.

Connect with NBC News Online!
NBC News App: https://apps.nbcnews.com/mobile
Breaking News Alerts: https://link.nbcnews.com/join/5cj/breaking-news-signup?cid=sm_npd_nn_yt_bn-clip_190621
Visit NBCNews.Com: http://nbcnews.to/ReadNBC
Find NBC News on Facebook: http://nbcnews.to/LikeNBC
Follow NBC News on Twitter: http://nbcnews.to/FollowNBC
Follow NBC News on Instagram: http://nbcnews.to/InstaNBC

#Trump #SupremeCourt #Tariffs","['Health', 'International News', 'Making A Difference', 'NBC Nightly News', 'National News', 'News', 'Nightly News', 'Tom Llamas', 'U.S. News', 'breaking news', 'evening news', 'politics', 'world news']",true,0 days 00:03:23,en
20,Mexican cartel boss 'El Mencho' killed in military raid,2026-02-22T22:52:30Z,Reuters,"Mexican drug lord Nemesio Oseguera, commonly known as 'El Mencho,' has been killed in a military raid, Mexican officials said. The operation comes as the country's government has been ramping up pressure on cartels following US intervention threats.
#mexico #drugcartels #elmencho #killed #druglord #News #Reuters #Newsfeed 

Read the story here: https://reut.rs/4auGYfI

рЯСЙ  Subscribe: http://smarturl.it/reuterssubscribe

Keep up with the latest news from around the world: https://www.reuters.com/
Follow Reuters on Facebook: https://www.facebook.com/Reuters
Follow Reuters on Twitter: https://twitter.com/Reuters
Follow Reuters on Instagram: https://www.instagram.com/reuters/?hl=en","['reuters', 'news', 'world news today', 'breaking news', 'news today', 'reuters youtube', 'markets today', 'streaming', 'live news', 'latest news', 'headlines today', 'world news', 'news today usa', 'reuters news', 'headlines', 'world', 'regional']",false,0 days 00:01:24,en
21,Armed man fatally shot at Trump's Mar-a-Lago resort: officials,2026-02-22T20:03:35Z,Reuters,"US Secret Service and local police shot and killed a man armed with a shotgun after he breached a secure perimeter at President Donald Trump's Mar-a-Lago resort in Palm Beach, Florida, law enforcement officials said.
#trump #maralago #securitybreach #ussecretservice #News #Reuters #Newsfeed 

Read the story here: https://reut.rs/4s3mnoH

рЯСЙ  Subscribe: http://smarturl.it/reuterssubscribe

Keep up with the latest news from around the world: https://www.reuters.com/
Follow Reuters on Facebook: https://www.facebook.com/Reuters
Follow Reuters on Twitter: https://twitter.com/Reuters
Follow Reuters on Instagram: https://www.instagram.com/reuters/?hl=en","['reuters', 'news', 'world news today', 'breaking news', 'news today', 'reuters youtube', 'markets today', 'streaming', 'live news', 'latest news', 'headlines today', 'world news', 'news today usa', 'reuters news', 'headlines', 'world', 'regional']",false,0 days 00:01:37,en
22,"Mar-a-Lago, blizzard, French far-right death and hockey",2026-02-22T17:30:16Z,Reuters,"The U.S. Secret Service says its agents shot and killed a man in his 20s after he tried to unlawfully enter a secure perimeter at¬†President Donald Trump's Mar-a-Lago resort.¬†Blizzard warnings¬†hit New York and the Northeast with up to 18 inches of snow expected.¬†Trump says heвАЩs sending a hospital ship to Greenland. Students in¬†Iran¬†stage fresh protests. Thousands march in Lyon, France after the killing of far-right activist Quentin Deranque. Plus, the USA men's Olympic ice hockey team beats Canada in overtime for Olympic gold.



Listen to the latest On Assignment episode:¬†Four years of war: On the ground in Ukraine (https://www.reuters.com/podcasts/four-years-war-ground-ukraine-2026-02-21/) 



Listen to the Morning Bid podcast¬†вБ†вБ†вБ†вБ†hereвБ†вБ†вБ†вБ†. (https://www.reuters.com/podcasts/reuters-morning-bid/) 



Sign up for the Reuters Econ World newsletter¬†вБ†вБ†вБ†вБ†hereвБ†вБ†вБ†вБ† (https://www.reuters.com/newsletters/reuters-econ-world/) .



Listen to the Reuters Econ World podcast¬†вБ†вБ†вБ†вБ†hereвБ†вБ†вБ†вБ†. (https://www.reuters.com/podcasts/reuters-econ-world/) 



Visit the¬†вБ†вБ†Thomson Reuters Privacy StatementвБ†вБ†¬†for information on our privacy and data protection practices.



You may also visit¬†вБ†вБ†megaphone.fm/adchoicesвБ†вБ†¬†to opt out of targeted advertising.


 


Learn more about your ad choices. Visit megaphone.fm/adchoices (https://megaphone.fm/adchoices)","['reuters', 'news', 'world news today', 'breaking news', 'news today', 'reuters youtube', 'markets today', 'streaming', 'live news', 'latest news', 'headlines today', 'world news', 'news today usa', 'reuters news', 'headlines']",false,0 days 00:09:49,en
23,"Armed man shot, killed at Trump's Mar a Lago resort",2026-02-22T17:14:55Z,Reuters,"US Secret Service and local police shot and killed a man armed with a shotgun after he tried to enter Trump's Mar-a-Lago resort in Florida. 

#News #Reuters #Newsfeed #usa #secretservices #maralago #trump 

Read the story here: https://reut.rs/4c9ib1Z

рЯСЙ  Subscribe: http://smarturl.it/reuterssubscribe

Keep up with the latest news from around the world: https://www.reuters.com/
Follow Reuters on Facebook: https://www.facebook.com/Reuters
Follow Reuters on Twitter: https://twitter.com/Reuters
Follow Reuters on Instagram: https://www.instagram.com/reuters/?hl=en","['reuters', 'news', 'world news today', 'breaking news', 'news today', 'reuters youtube', 'markets today', 'streaming', 'live news', 'latest news', 'headlines today', 'world news', 'news today usa', 'reuters news', 'headlines', 'World', 'regional']",false,0 days 00:00:48,en
24,Trump says he will raise global tariff rate from 10% to 15%,2026-02-21T20:34:13Z,Reuters,"President Trump said he will raise a temporary tariff from 10% to 15% on US imports from all countries, the maximum level allowed under the law, after the Supreme Court struck down his previous tariff program.
#trumptariffs #tarrifwar #scotus #tarrifruling #News #Reuters #Newsfeed 

Read the story here: https://reut.rs/3MX4n0e

рЯСЙ  Subscribe: http://smarturl.it/reuterssubscribe

Keep up with the latest news from around the world: https://www.reuters.com/
Follow Reuters on Facebook: https://www.facebook.com/Reuters
Follow Reuters on Twitter: https://twitter.com/Reuters
Follow Reuters on Instagram: https://www.instagram.com/reuters/?hl=en","['reuters', 'news', 'world news today', 'breaking news', 'news today', 'reuters youtube', 'markets today', 'streaming', 'live news', 'latest news', 'headlines today', 'world news', 'news today usa', 'reuters news', 'headlines', 'world', 'business']",false,0 days 00:01:30,en
25,Watch: Trump's Full Response to Supreme CourtвАЩs Tariff Decision | WSJ,2026-02-20T19:10:56Z,The Wall Street Journal,"The Supreme Court ruled that President Trump's global tariffs are illegal. It is the first time the high court has definitively struck down one of TrumpвАЩs second-term policies.

#Trump #Tariffs #WSJ","['trump', 'trump news', 'scotus', 'tariff ruling', 'tariffs', 'trump tariffs supreme court', 'trump tariffs', 'supreme court tariff ruling', 'scotus tariffs', 'scotus ruling', 'supreme court strikes down tariffs', 'tariff latest', 'trump tariffs struck down', 'reciprocal tariffs', 'trump economy', 'economic news', 'president trump', 'supreme court', 'tariffs update', 'global trade', 'trade war', 'trade news', 'ieppa', 'law', 'tariff law', 'scotus news', 'politics', 'usnews']",false,0 days 00:44:54,en
26,Supreme Court Strikes Down TrumpвАЩs Tariffs: WhatвАЩs Next?,2026-02-20T18:46:06Z,The Wall Street Journal,"The Supreme Court struck down President TrumpвАЩs global tariffs, removing a key tool Trump used to remake U.S. trade deals. WSJвАЩs Ashby Jones explains the implications of the courtвАЩs decision.

#SCOTUS #Tariffs #WSJ","['trump', 'trump news', 'scotus', 'tariff ruling', 'tariffs', 'trump tariffs supreme court', 'trump tariffs', 'supreme court tariff ruling', 'scotus tariffs', 'scotus ruling', 'supreme court strikes down tariffs', 'tariff latest', 'trump tariffs struck down', 'reciprocal tariffs', 'trump economy', 'economic news', 'president trump', 'supreme court', 'tariffs update', 'global trade', 'trade war', 'trade news', 'ieppa', 'law', 'tariff law', 'scotus news', 'politics', 'usnews']",false,0 days 00:01:51,en
27,The Hidden Government Funding of China's U.S.-Born Olympic Star,2026-02-17T14:11:34Z,The Wall Street Journal,"After details of payments from BeijingвАЩs sports bureau to freestyle skiing champion Eileen Gu were accidentally revealed last year, her name was quickly scrubbed from the budget.вБ†

#Olympics #China #WSJ","['eileen gu', 'eileen gu olympics 2026', 'china', 'china news', 'china olympics opening ceremony', 'china olympics', 'eileen gu money', 'eileen gu speech', 'china paying olympics', 'budget', 'sports', 'china olympic games', 'zhu yi', 'eileen gu net worth', 'how much do olympic athletes make', 'olympic milano cortina 2026', 'olympic news', 'social media', 'model', 'fashion', 'wsj', 'wonews']",false,0 days 00:01:13,en
28,Team USA Expected Olympic Dominance. Not Anymore,2026-02-15T00:09:36Z,The Wall Street Journal,"The American Olympic team is suddenly on track for its fewest winter golds since 1998 вАФ one week into the 2026 Games. WSJ's Joshua Robinson reports from Milan. 

#WSJ #olympics #teamUSA",No Tags,false,0 days 00:01:12,en
29,This Elite Coast Guard Unit Showed Us How They Train for Key Missions,2026-02-13T14:01:00Z,The Wall Street Journal,"With its special forces playing a key role in TrumpвАЩs national security missions, the Coast Guard is standing up a new command for its elite teams. These special forces units have ramped up drug interdictions in the Caribbean and the Pacific, leading seizers of oil tankers.

WSJвАЩs Shelby Holliday visited a unit in Miami to learn more. 

#CoastGuard #Trump #WSJ","['coast guard special forces', 'uscg', 'coast guard boot camp', 'coast guard special ops', 'trump', 'trump news', 'oil tanker seized', 'tanker seizures', 'coast guard seizes oil tanker', 'coast guard oil tanker', 'us special forces', 'us military', 'law enforcement', 'coast guard training', 'immigration', 'rio grande', 'trump coast guard', 'special operations', 'drug boat strike', 'venezuela', 'immigration crackdown', 'Department of War', 'title 14', 'military drills', 'Department of Defense', 'homeland security', 'wsj', 'usnews']",false,0 days 00:02:58,en
30,Mar-a-Lago shooting: Armed man killed at TrumpвАЩs FL home,2026-02-22T19:22:18Z,CNN,"US Secret Service agents and Palm Beach County law enforcement shot and killed an armed man after he вАЬunlawfully entering the secure perimeter at Mar-a-LagoвАЭ Sunday morning, the Secret Service said. 

The president and first lady were at the White House in Washington, DC, at the time of the incident.

0:00 CNN correspondent reports from the White House on a shooting at TrumpвАЩs Mar-a-Lago home 
1:04 Palm Beach County sheriff describes the confrontation at Mar-a-Lago 
2:50 CNN chief law enforcement and intelligence analyst weighs in on the incident 
4:06 What was the armed manвАЩs intent?  

Watch more CNN here: https://cnn.it/4kh5RPe

#Trump #Mar-a-Lago #News","['latest news', 'Happening Now', 'CNN', 'Mar-a-Lago', 'Mar-a-Lago Shooting', 'President Donald Trump', 'Trump', 'Florida', 'Palm Beach', 'Palm Beach County', 'Sheriff Ric Bradshaw', 'Armed Man', 'Shotgun', 'FBI', 'Kash Patel', 'Omar Jimenez', 'CNN Newsroom', 'Julia Benbrook', 'John Miller']",true,0 days 00:05:14,en
31,вАШHeвАЩs flailingвАЩ: Newsom denounces TrumpвАЩs tariff policy,2026-02-22T15:33:30Z,CNN,"California Gov. Gavin Newsom said President Donald Trump is вАЬflailingвАЭ after the Supreme Court struck down his sweeping emergency tariffs on Friday, with the president rapidly imposing a new 10% global tariff that he then upped to 15% the following day. 

0:00 Gov. Gavin Newsom (D-CA) says TrumpвАЩs new 15% tariff hike is вАЬa farceвАЭ 
2:27 Rep. Mike Lawler (R-NY) weighs in on the fallout from the Supreme CourtвАЩs tariff ruling 
5:41 Van Jones says Trump is вАЬtripling down on stupidвАЭ 
9:20 How will the SCOTUS tariff ruling impact TrumpвАЩs State of the Union speech? 

Watch more CNN here: https://cnn.it/4kh5RPe

#Trump #Tariffs #News","['latest news', 'Happening Now', 'CNN', 'President Donald Trump', 'Trump', 'Trump Administration', 'Tariffs', 'Supreme Court', 'US Supreme Court', 'SCOTUS', 'Tariff Ruling', 'Trump Trade War', 'Gov. Gavin Newsom', 'Election 2026', 'Election 2028', 'Dana Bash', 'State of the Union', 'Rep. Mike Lawler', 'Van Jones', 'Margaret Hoover', 'Rebecca Katz']",true,0 days 00:10:16,en
32,Comedians poke fun at вАШenragedвАЩ TrumpвАЩs tariff loss | Have I Got News For You,2026-02-22T11:54:57Z,CNN,"Host Roy Wood Jr. talks to the вАЬHave I Got News For YouвАЭ panel about the Supreme Court ruling that President Donald Trump violated federal law when he unilaterally imposed sweeping tariffs across the globe. 

0:00 Trump finds out the Supreme Court rejected his sweeping tariffs 
2:49 Trump reacts to tariff defeat by making big announcement 
4:42 Which companies have already sued for their money back? 
6:25 Trump tells a story about a man who wanted to kiss him as thanks for his tariffs 

Watch more CNN here: https://cnn.it/4kh5RPe

#Trump #Tariffs #News","['latest news', 'Happening Now', 'CNN', 'Have I Gor News For You', 'Roy Wood Jr.', 'Amber Ruffin', 'Michael Ian Black', 'President Donald Trump', 'Larry Wilmore', 'Jordan Carlos', 'Supreme Court', 'Tariffs', 'Trump Tariffs', 'Trump Trade War']",true,0 days 00:08:06,en
33,Businesses react to Supreme CourtвАЩs ruling on TrumpвАЩs tariffs,2026-02-22T04:57:58Z,CNN,CNNвАЩs Gloria Pazmino speaks with New York City business owners about how the Supreme CourtвАЩs ruling on TrumpвАЩs tariffs could impact their prices. #cnn #news #trump #tariffs #supremecourt,"['cnn', 'news', 'supremecourt', 'tariffs', 'trump']",false,0 days 00:01:20,en
34,In the room when Chief Justice Roberts read Trump's tariffs decision,2026-02-21T21:28:15Z,CNN,"The Supreme Court ruled that President Donald Trump violated federal law when he unilaterally imposed sweeping tariffs across the globe, a striking loss for the White House on an issue that has been central to the presidentвАЩs foreign policy and economic agenda. CNNвАЩs chief Supreme Court analyst Joan Biskupic explains how Chief Justice John Roberts, who wrote the majority opinion, explained the decision in court.

Correction: A previous version of this video misstated the amount of money generated by Trump's emergency tariffs.",No Tags,false,0 days 00:01:21,en
35,Armed man killed after entering secure perimeter of Donald Trump's Mar-a-Lago residence | BBC News,2026-02-22T17:32:52Z,BBC News,"An armed man has been shot dead after entering the secure perimeter of US President Donald Trump's Mar-a-Lago residence in Florida, the Secret Service has said.

The man was carrying a shotgun and fuel can when he was stopped and shot by Secret Service agents and a Sheriff's deputy, authorities said.

The incident happened around 01:30 ET (06:30 GMT) on Sunday morning, when the president was in Washington DC.

The suspect's identity has not been released yet but he was white and in his early 20s, officers said.

Subscribe here: http://bit.ly/1rbfUog

For more news, analysis and features visit: www.bbc.com/news 

#DonaldTrump #MarALago #BBCNews","['bbc', 'bbc news', 'news', 'world news', 'breaking news', 'us news', 'world', 'america', 'usa', 'usa news', 'india news']",false,0 days 00:11:34,en
36,Trump's Tariffs blocked: what happens now? | BBC Newscast,2026-02-21T17:50:21Z,BBC News,"The US Supreme Court has ruled to block President Donald TrumpвАЩs global tariffs, what happens now?

Subscribe here: http://bit.ly/1rbfUog

Today, Laura and Paddy are joined by Gary O'Donoghue, Chief North America correspondent to discuss the US Supreme CourtвАЩs decision and what Donald Trump's 'Plan B' is.

After today's recording, Donald Trump increased tariffs to 15%, one day after a US Supreme Court decision struck down his sweeping import taxes

They also discussed Laura's interview with former UK Prime Minister Boris Johnson and former Chief of the Defence Staff Sir Tony Radakin ahead of the four-year anniversary of the beginning of the full scale invasion of Ukraine. Boris Johnson said the UK and its allies вАЬdid not take strong enough action,вАЭ and the UK and its allies should deploy non-combat troops to Ukraine right now.

For more news, analysis and features visit: www.bbc.com/news 

#BBCNews #BBCNewscast #DonaldTrump","['bbc', 'bbc news', 'news', 'world news', 'breaking news', 'us news', 'world', 'america', 'usa', 'usa news', 'trump', 'trump tariffs', 'supreme court', 'donald trump', 'us politics', 'politics podcast', 'bbc politics', 'bbc podcast', 'bbc news podcast', 'americast', 'us supreme court', 'is donald trump too powerful', 'tariffs', 'will the supreme court stand up to donald trump', 'bbc newscast', 'laura kuennsberg', 'paddy o connell', 'gary donaghue']",false,0 days 00:30:14,en
37,Donald Trump to raise global tariffs to 15% after 'anti-American' Supreme Court verdict | BBC News,2026-02-21T16:54:26Z,BBC News,"US President Donald Trump has said that he will impose global tariffs of 15%, as he continued to rail against a Supreme Court ruling that struck down his previous import taxes.
 
Trump said on Friday that he would replace the tariffs scrapped by the court with a 10% levy on all goods coming into the US.
 
But on Saturday, he announced on Truth Social that this would be increased to the maximum allowed under a never-used trade law.
 
These will come into force on Tuesday 24 February and can only stay in place for around five months before the administration must seek congressional approval.
 
Trump said his administration had reached the decision following a review of the ""ridiculous, poorly written, and extraordinarily anti-American decision on Tariffs issued yesterday"".

Subscribe here: http://bit.ly/1rbfUog

For more news, analysis and features visit: www.bbc.com/news 

#DonaldTrump #BBCNews","['bbc', 'bbc news', 'news', 'world news', 'breaking news', 'us news', 'world', 'america', 'usa', 'usa news', 'india news']",false,0 days 00:05:22,en
38,US President Donald Trump 'considering' military strikes on Iran | BBC News,2026-02-21T11:01:06Z,BBC News,"US President Donald Trump has said he is considering a limited military strike on Iran in order to pressure its leaders to agree a deal to curb the nuclear programme.
 
On Thursday, Trump said the world would find out ""over the next, probably, 10 days"" whether a deal would be reached or the US would take military action. The US has been increasing its military presence in the region in recent weeks.
 
The deployment includes the world's largest warship, USS Gerald R Ford, appearing to be heading towards the region.

Subscribe here: http://bit.ly/1rbfUog

For more news, analysis and features visit: www.bbc.com/news
 
#US #Iran #BBCNews","['bbc', 'bbc news', 'news', 'world news', 'breaking news', 'us news', 'world', 'america', 'usa', 'usa news', 'india news']",false,0 days 00:05:50,en
39,How close is Trump to attacking Iran? | BBC News,2026-02-20T23:30:00Z,BBC News,"For weeks, Washington has been building up its forces in the Middle East - and now looks set to assemble more air power in the region than at any time since the 2003 invasion of Iraq. 
 
President Donald Trump has been pressuring the Iranian regime to make a nuclear deal, saying Tehran has a deadline of ""10, 15 days"" before it could face potential military action. He has told reporters he's considering ""limited strikes"". Iran has vowed to retaliate if the US launches any attacks.
 
Merlyn Thomas from BBC Verify has been tracking the buildup of ships and fighter jets in the Middle East, including confirming the location of the US aircraft carrier USS Abraham Lincoln - equipped with guided missile destroyers and dozens of fighter jets - near Iran. USS Gerald R Ford, the world's largest warship, has also been spotted, seemingly en route to the region. 
 
She explains the military fire power that the US could unleash on Iran, and how it compares with last year's Operation Hammer, when the US struck Iran's nuclear sites.
 
New episodes of the Global News Podcast are published twice a day. You can listen here: https://link.mgln.ai/GNP-YT
 
And you can find more of our YouTube episodes here: https://bbc.in/GlobalNewsPodcast

Subscribe here: http://bit.ly/1rbfUog

For more news, analysis and features visit: www.bbc.com/news 

#DonaldTrump #Iran #BBCNews","['bbc', 'bbc news', 'news', 'world news', 'breaking news', 'us news', 'world', 'america', 'usa', 'usa news', 'india news']",false,0 days 00:08:18,en
40,Were TrumpвАЩs Tariffs Working?,2026-02-20T21:30:00Z,The New York Times,"The Census Bureau released data showing that the U.S. trade deficit in goods last year was the highest on record. Our chief economics correspondent, Ben Casselman, breaks down whether President TrumpвАЩs tariff policies had their intended impact in 2025.

Read the story here: https://nyti.ms/4c6j7UW
Subscribe: http://bit.ly/U8Ys7n
More from The New York Times Video: http://nytimes.com/video
----------
Whether it's reporting on conflicts abroad and political divisions at home, or covering the latest style trends and scientific developments, New York Times video journalists provide a revealing and unforgettable view of the world. It's all the news that's fit to watch.","['trump tariffs', 'donald trump', 'trump news', 'world news', 'economy', 'tariffs', 'tariff news', 'trump trade war', 'scotus', 'supreme court', 'supreme court tariff ruling', 'tariff analysis', 'ben casselman', 'the new york times', 'new york times video', 'nytvideo', 'news', 'nyt shorts', 'nytimes', 'trade deficit', 'us trade', 'trade balance', 'us economy', 'china', 'mexico', 'vietnam', 'india']",false,0 days 00:02:05,en
41,What to Know About TrumpвАЩs вАШBoard of PeaceвАЩ,2026-02-19T19:55:01Z,The New York Times,"As President TrumpвАЩs new вАЬBoard of PeaceвАЭ meets for the first time in Washington, our correspondent Anton Troianovski explains what the organization reveals about TrumpвАЩs approach to foreign policy. 

Video by Anton Troianovski, Alexandra Ostasiewicz, Thomas Vollkommer, Laura Salaberry, Whitney Shefte, Nikolay Nikolov and Steven Erlanger/The New York Times

Read the story here: https://nyti.ms/4s40uWo
Subscribe: http://bit.ly/U8Ys7n
More from The New York Times Video: http://nytimes.com/video
----------
Whether it's reporting on conflicts abroad and political divisions at home, or covering the latest style trends and scientific developments, New York Times video journalists provide a revealing and unforgettable view of the world. It's all the news that's fit to watch.","['board of peace', 'trump board of peace', 'united nations', 'gaza', 'board of peace countries', 'israel', 'saudi arabia', 'egypt', 'hungary', 'belarus', 'indonesia', 'nato', 'anton troianovski', 'anton troi', 'the new york times', 'new york times video', 'nytvideo', 'news', 'nyt shorts', 'nytimes', 'politics', 'global politics', 'geopolitics', 'world politics']",false,0 days 00:02:06,en
42,How the U.S. Is Pushing Tech Companies to Identify ICE Protesters,2026-02-15T19:10:00Z,The New York Times,"The Department of Homeland Security is expanding its efforts to identify Americans who oppose ICE by sending tech companies legal requests for the names, email addresses, telephone numbers and other identifying data behind social media accounts that track or criticize the agency. Our tech reporter explains what to know.

Video by Sheera Frenkel, Christina Thornell, Valentina Caval, Thomas Vollkommer, Jon Hazell and June Kim/The New York Times #ICE #tech #socialmedia #DHS #trump

Read the story here: https://nyti.ms/3OkjPE4
Subscribe: http://bit.ly/U8Ys7n
More from The New York Times Video: http://nytimes.com/video
----------
Whether it's reporting on conflicts abroad and political divisions at home, or covering the latest style trends and scientific developments, New York Times video journalists provide a revealing and unforgettable view of the world. It's all the news that's fit to watch.","['donald trump', 'ice', 'ice protests', 'immigration', 'deportations', 'us news', 'first amendment', 'freedom of speech', 'freedom of expression', 'facebook', 'instagram', 'montco community watch', 'aclu', 'dhs', 'meta', 'google', 'reddit', 'free speech', 'sheera frenkel', 'the new york times', 'new york times', 'new york times video', 'nyt video', 'nytimes', 'news', 'nyt shorts', 'nyt']",false,0 days 00:02:17,en
43,Pam Bondi Faces Anger From Lawmakers Over Handling of Epstein Files,2026-02-12T14:50:01Z,The New York Times,"Attorney General Pam Bondi refused to apologize to survivors of the convicted sex offender Jeffrey Epstein who were seated in the House Judiciary Committee room on Wednesday вАФ and instead demanded that Democrats apologize to President Trump. Bondi offered few detailed answers, no admissions of fault but many expressions of fealty and admiration for a president who has exercised direct control over the Justice DepartmentвАЩs actions. #Epstein #Bondi #Trump

Read the story here: https://nyti.ms/4bQ6Bsz
Subscribe: http://bit.ly/U8Ys7n
More from The New York Times Video: http://nytimes.com/video
----------
Whether it's reporting on conflicts abroad and political divisions at home, or covering the latest style trends and scientific developments, New York Times video journalists provide a revealing and unforgettable view of the world. It's all the news that's fit to watch.","['pam bondi', 'pam bondi congress', 'jeffrey epstein', 'donald trump', 'justice department', 'pramila jayapal', 'epstein survivors', 'thomas massie', 'the new york times', 'new york times', 'new york times video', 'nyt video', 'nytimes', 'news', 'nyt shorts', 'nyt', 'pam bondi epstein victims', 'epstein victims']",false,0 days 00:01:10,en
44,Ghislaine Maxwell Refuses to Answer Epstein Questions From Congress,2026-02-10T17:50:01Z,The New York Times,"Ghislaine Maxwell, the longtime companion of Jeffrey Epstein who is serving a federal prison sentence on sex-trafficking charges, refused on Monday to answer questions during a deposition before the House Oversight Committee.

Maxwell, who appeared virtually from a prison in Texas, invoked her Fifth Amendment right against self-incrimination in response to every question asked. Her lawyer said in his opening statement that Maxwell вАЬwould answer questions if she were granted clemencyвАЭ by President Trump.

Read the story here: https://nyti.ms/4tABmYX
Subscribe: http://bit.ly/U8Ys7n
More from The New York Times Video: http://nytimes.com/video
----------
Whether it's reporting on conflicts abroad and political divisions at home, or covering the latest style trends and scientific developments, New York Times video journalists provide a revealing and unforgettable view of the world. It's all the news that's fit to watch.","['ghislaine maxwell', 'jeffrey epstein', 'donald trump', 'news', 'epstein files', 'fifth amendment', 'house oversight committee', 'sex trafficking', 'clemency', 'james comer', 'epstein survivors', 'us news', 'washington', 'politics', 'the new york times', 'new york times', 'new york times video', 'nyt video', 'nytimes', 'nyt shorts', 'nyt']",false,0 days 00:01:20,en
45,CHAOS erupts in Mexico after cartel leader's death,2026-02-23T02:00:43Z,Fox News,"вАШThe Big Weekend ShowвАЩ co-hosts discuss unrest in Mexico after a military operation led to the death of cartel leader вАШEl MenchoвАЩ on вАШThe Big Weekend Show.вАЩ #fox #foxnews #media #breakingnews #us #usa #new #news #breaking #thebigweekendshow #world #mexico #latinamerica #crime #crimenews #crimestory #criminal #police #cartel #violence #military #security #border #embassy #travel #drugs #government 

DonвАЩt just watch Fox NewsвАФbe part of it. Become a Fox News Patriot today. https://youtube.com/foxnews/join

Subscribe to Fox News: https://bit.ly/2vBUvAS
Watch more Fox News Video: http://video.foxnews.com
Watch Fox News Channel Live: http://www.foxnewsgo.com/
Download the Fox News app: https://foxnews.onelink.me/xLDS/cd5yhg3o

FOX News Channel (FNC) is a 24-hour all-encompassing news service delivering breaking news as well as political and business news. The number one network in cable, FNC has been the most-watched television news channel for 18 consecutive years. According to a 2020 Brand Keys Consumer Loyalty Engagement Index report, FOX News is the top brand in the country for morning and evening news coverage. A 2019 Suffolk University poll named FOX News as the most trusted source for television news or commentary, while a 2019 Brand Keys Emotion Engagement Analysis survey found that FOX News was the most trusted cable news brand. A 2017 Gallup/Knight Foundation survey also found that among Americans who could name an objective news source, FOX News was the top-cited outlet. Owned by FOX Corporation, FNC is available in nearly 90 million homes and dominates the cable news landscape, routinely notching the top ten programs in the genre.

Watch full episodes of your favorite shows
The Five: https://www.foxnews.com/video/shows/the-five
Special Report with Bret Baier: https://www.foxnews.com/video/shows/special-report
Jesse Watters Primetime: https://www.foxnews.com/video/shows/jesse-watters-primetime
Hannity: https://www.foxnews.com/video/shows/hannity
The Ingraham Angle: https://www.foxnews.com/video/shows/ingraham-angle
Gutfeld!: https://www.foxnews.com/video/shows/gutfeld
Fox News @ Night: https://www.foxnews.com/video/shows/fox-news-night

Follow Fox News on Facebook: https://www.facebook.com/FoxNews/
Follow Fox News on X: https://x.com/foxnews
Follow Fox News on Instagram: https://www.instagram.com/foxnews/","['media', 'breaking news', 'usa', 'fox news channel', 'the big weekend show youtube', 'Mexico unrest analysis', 'El Mencho killing fallout', 'cartel retaliation surge', 'military operation aftermath', 'embassy shelter order', 'border security concerns', 'organized crime escalation', 'Latin America instability', 'travel safety warning', 'drug trafficking network impact']",true,0 days 00:05:31,en
46,Fetterman URGES Dems to вАШrespect the officeвАЩ ahead of State of the Union #foxnews #news #shorts,2026-02-23T00:00:04Z,Fox News,"Sen. John Fetterman, D-Pa., is urging Democrats to keep things respectful ahead of President Donald Trump's State of the Union speech.  #fox #media #breakingnews #us #usa #new #news #breaking #foxnews #politics #political #politicalnews #government #fetterman #johnfetterman #democrats #democraticparty #democrat #trump #donaldtrump #stateoftheunion #senate #congress #respect 

Subscribe to Fox News: https://bit.ly/2vBUvAS
Watch more Fox News Video: http://video.foxnews.com
Watch Fox News Channel Live: http://www.foxnewsgo.com/
Download the Fox News app: https://foxnews.onelink.me/xLDS/cd5yhg3o
Become a Fox News Patriot member! www.youtube.com/@FoxNews/join

FOX News Channel (FNC) is a 24-hour all-encompassing news service delivering breaking news as well as political and business news. The number one network in cable, FNC has been the most-watched television news channel for 18 consecutive years. According to a 2020 Brand Keys Consumer Loyalty Engagement Index report, FOX News is the top brand in the country for morning and evening news coverage. A 2019 Suffolk University poll named FOX News as the most trusted source for television news or commentary, while a 2019 Brand Keys Emotion Engagement Analysis survey found that FOX News was the most trusted cable news brand. A 2017 Gallup/Knight Foundation survey also found that among Americans who could name an objective news source, FOX News was the top-cited outlet. Owned by FOX Corporation, FNC is available in nearly 90 million homes and dominates the cable news landscape, routinely notching the top ten programs in the genre.

Watch full episodes of your favorite shows
The Five: https://www.foxnews.com/video/shows/the-five
Special Report with Bret Baier: https://www.foxnews.com/video/shows/special-report
Jesse Watters Primetime: https://www.foxnews.com/video/shows/jesse-watters-primetime
Hannity: https://www.foxnews.com/video/shows/hannity
The Ingraham Angle: https://www.foxnews.com/video/shows/ingraham-angle
Gutfeld!: https://www.foxnews.com/video/shows/gutfeld
Fox News @ Night: https://www.foxnews.com/video/shows/fox-news-night

Follow Fox News on Facebook: https://www.facebook.com/FoxNews/
Follow Fox News on X: https://x.com/foxnews
Follow Fox News on Instagram: https://www.instagram.com/foxnews/","['Fox News Channel', 'FNC', 'Fox News', 'News', 'Media', 'breaking news', 'usa', 'fox news channel', 'fetterman state of the union remarks', 'democrats respect the office', 'trump address response', 'senate decorum debate', 'bipartisan conduct discussion', 'presidential speech preview', 'capitol hill reaction', 'national political coverage']",false,0 days 00:00:43,en
47,TRUMPвАЩS BIG TRIP: US trade rep previews MAJOR meeting with China,2026-02-22T23:15:01Z,Fox News,"U.S. Trade Representative Jamieson Greer discusses the Supreme Court ruling on President Donald TrumpвАЩs tariffs, trade relations with China and more on вАШFox News Sunday.вАЩ   #fox #media #breakingnews #us #usa #new #news #breaking #foxnews #world #politics #political #politicalnews #government #trump #donaldtrump #china #trade #tariffs #economy #xi #foreignpolicy #supremecourt #foxnewssunday

DonвАЩt just watch Fox NewsвАФbe part of it. Become a Fox News Patriot today. https://youtube.com/foxnews/join
Subscribe to Fox News: https://bit.ly/2vBUvAS
Watch more Fox News Video: http://video.foxnews.com
Watch Fox News Channel Live: http://www.foxnewsgo.com/
Download the Fox News app: https://foxnews.onelink.me/xLDS/cd5yhg3o

FOX News Channel (FNC) is a 24-hour all-encompassing news service delivering breaking news as well as political and business news. The number one network in cable, FNC has been the most-watched television news channel for 18 consecutive years. According to a 2020 Brand Keys Consumer Loyalty Engagement Index report, FOX News is the top brand in the country for morning and evening news coverage. A 2019 Suffolk University poll named FOX News as the most trusted source for television news or commentary, while a 2019 Brand Keys Emotion Engagement Analysis survey found that FOX News was the most trusted cable news brand. A 2017 Gallup/Knight Foundation survey also found that among Americans who could name an objective news source, FOX News was the top-cited outlet. Owned by FOX Corporation, FNC is available in nearly 90 million homes and dominates the cable news landscape, routinely notching the top ten programs in the genre.

Watch full episodes of your favorite shows
The Five: https://www.foxnews.com/video/shows/the-five
Special Report with Bret Baier: https://www.foxnews.com/video/shows/special-report
Jesse Watters Primetime: https://www.foxnews.com/video/shows/jesse-watters-primetime
Hannity: https://www.foxnews.com/video/shows/hannity
The Ingraham Angle: https://www.foxnews.com/video/shows/ingraham-angle
Gutfeld!: https://www.foxnews.com/video/shows/gutfeld
Fox News @ Night: https://www.foxnews.com/video/shows/fox-news-night

Follow Fox News on Facebook: https://www.facebook.com/FoxNews/
Follow Fox News on X: https://x.com/foxnews
Follow Fox News on Instagram: https://www.instagram.com/foxnews/","['media', 'breaking news', 'usa', 'fox news channel', 'fox news sunday youtube', 'trump china meeting', 'jamieson greer interview', 'us trade representative remarks', 'supreme court tariff ruling', 'us china trade relations', 'xi jinping talks preview', 'economic diplomacy strategy', 'global trade policy']",false,0 days 00:06:13,en
48,вАШHELL TO PAYвАЩ: GRAVE warning issued to Iran as Trump weighs action,2026-02-22T22:30:23Z,Fox News,"Fox News senior foreign affairs correspondent Greg Palkot reports on Russia's strikes on Ukraine's energy grid as Sen. Jim Banks, R-Ind., weighs in on Iran's nuclear program and the regime's willingness to negotiate on 'Fox News Sunday.'

#foxnews #breakingnews #russiaukrainewar #energygrid #ukraineunderfire #iran #nuclearbreakout #senjimbanks #nationalsecurity #mideast #foreignpolicy #foxnewssunday #2026 

DonвАЩt just watch Fox NewsвАФbe part of it. Become a Fox News Patriot today. https://youtube.com/foxnews/join

Subscribe to Fox News: https://bit.ly/2vBUvAS
Watch more Fox News Video: http://video.foxnews.com
Watch Fox News Channel Live: http://www.foxnewsgo.com/

Download the Fox News app: https://foxnews.onelink.me/xLDS/cd5yhg3o

FOX News Channel (FNC) is a 24-hour all-encompassing news service delivering breaking news as well as political and business news. The number one network in cable, FNC has been the most-watched television news channel for 18 consecutive years. According to a 2020 Brand Keys Consumer Loyalty Engagement Index report, FOX News is the top brand in the country for morning and evening news coverage. A 2019 Suffolk University poll named FOX News as the most trusted source for television news or commentary, while a 2019 Brand Keys Emotion Engagement Analysis survey found that FOX News was the most trusted cable news brand. A 2017 Gallup/Knight Foundation survey also found that among Americans who could name an objective news source, FOX News was the top-cited outlet. Owned by FOX Corporation, FNC is available in nearly 90 million homes and dominates the cable news landscape, routinely notching the top ten programs in the genre.

Watch full episodes of your favorite shows
The Five: https://www.foxnews.com/video/shows/the-five
Special Report with Bret Baier: https://www.foxnews.com/video/shows/special-report
Jesse Watters Primetime: https://www.foxnews.com/video/shows/jesse-watters-primetime
Hannity: https://www.foxnews.com/video/shows/hannity
The Ingraham Angle: https://www.foxnews.com/video/shows/ingraham-angle
Gutfeld!: https://www.foxnews.com/video/shows/gutfeld
Fox News @ Night: https://www.foxnews.com/video/shows/fox-news-night

Follow Fox News on Facebook: https://www.facebook.com/FoxNews/
Follow Fox News on X: https://x.com/foxnews
Follow Fox News on Instagram: https://www.instagram.com/foxnews/","['austin tucker martin', 'breaking news', 'donald trump iran policy', 'fox news channel', 'fox news sunday', 'global tariffs', 'greg palkot', 'iranian nuclear program', 'kyiv energy strikes', 'mar-a-lago shooting', 'maritime drug crackdown', 'media', 'odesa blackouts', 'one week breakout', 'russian drone barrage', 'section 122 trade act', 'sen jim banks', 'usa', 'weapons-grade enrichment']",false,0 days 00:09:13,en
49,Trump sends hospital boat to Greenland #foxnews #news #us #fox,2026-02-22T21:30:10Z,Fox News,"President Donald Trump has announced a hospital boat is being sent to Greenland amid his bid to acquire the island. #fox #foxnews #media #breakingnews #us #usa #new #news #breaking #donaldtrump #trump #greenland #denmark #world #foreignpolicy #diplomacy #arctic #nationalsecurity #hospitalship #military #humanitarian #healthcare #global #politics #political #politicalnews #government

Subscribe to Fox News: https://bit.ly/2vBUvAS
Watch more Fox News Video: http://video.foxnews.com
Watch Fox News Channel Live: http://www.foxnewsgo.com/
Download the Fox News app: https://foxnews.onelink.me/xLDS/cd5yhg3o
Become a Fox News Patriot member! www.youtube.com/@FoxNews/join

FOX News Channel (FNC) is a 24-hour all-encompassing news service delivering breaking news as well as political and business news. The number one network in cable, FNC has been the most-watched television news channel for 18 consecutive years. According to a 2020 Brand Keys Consumer Loyalty Engagement Index report, FOX News is the top brand in the country for morning and evening news coverage. A 2019 Suffolk University poll named FOX News as the most trusted source for television news or commentary, while a 2019 Brand Keys Emotion Engagement Analysis survey found that FOX News was the most trusted cable news brand. A 2017 Gallup/Knight Foundation survey also found that among Americans who could name an objective news source, FOX News was the top-cited outlet. Owned by FOX Corporation, FNC is available in nearly 90 million homes and dominates the cable news landscape, routinely notching the top ten programs in the genre.

Watch full episodes of your favorite shows
The Five: https://www.foxnews.com/video/shows/the-five
Special Report with Bret Baier: https://www.foxnews.com/video/shows/special-report
Jesse Watters Primetime: https://www.foxnews.com/video/shows/jesse-watters-primetime
Hannity: https://www.foxnews.com/video/shows/hannity
The Ingraham Angle: https://www.foxnews.com/video/shows/ingraham-angle
Gutfeld!: https://www.foxnews.com/video/shows/gutfeld
Fox News @ Night: https://www.foxnews.com/video/shows/fox-news-night

Follow Fox News on Facebook: https://www.facebook.com/FoxNews/
Follow Fox News on X: https://x.com/foxnews
Follow Fox News on Instagram: https://www.instagram.com/foxnews/","['Fox News Channel', 'FNC', 'Fox News', 'News', 'Media', 'Trump hospital boat Greenland', 'U.S. bid acquire island', 'Arctic geopolitical strategy', 'Denmark response rejection', 'humanitarian vessel deployment', 'foreign policy tensions', 'international diplomacy dispute', 'strategic territory debate', 'White House announcement details', 'global security implications', 'breaking news', 'media', 'usa', 'fox news channel']",false,0 days 00:00:16,en
